{
  "train_losses": [
    0.1065942224023976,
    0.03680112112744986,
    0.025018977381131,
    0.021530709387719338,
    0.01853375856507855,
    0.0173376123987588,
    0.016748923449176948,
    0.016522326633990492,
    0.015803870042181326,
    0.015278394576192485,
    0.015243743479762342,
    0.01466865252527191,
    0.014649348966412696
  ],
  "val_losses": [
    74.46909657772223,
    5.3467740788912,
    3.036928517416606,
    5.727476885878358,
    4.910247471242734,
    11.536454948746243,
    12.599394513508154,
    14.450884044603901,
    9.707683633390754,
    11.495306434601016,
    17.573313493784287,
    9.473727350137054,
    6.371427389026333
  ],
  "epoch_times": [
    5.010533332824707,
    5.478701114654541,
    5.886696100234985,
    6.118954658508301,
    6.44604229927063,
    6.419887542724609,
    6.504658222198486,
    6.566579341888428,
    6.753972053527832,
    6.590652704238892,
    6.690375804901123,
    6.641799211502075,
    6.833989858627319
  ],
  "param_count": 29377,
  "best_val_loss": 3.036928517416606,
  "config": {
    "name": "configB",
    "channels_1": 64,
    "channels_2": 128,
    "kernel_size_1": 5,
    "kernel_size_2": 3,
    "dropout": 0.3,
    "lr": 0.001,
    "window_size": 24,
    "batch_size": 64
  }
}