{
  "train_losses": [
    0.1760727889715448,
    0.07643476196128333,
    0.039227201999016914,
    0.028323089771710854,
    0.022920084642667413,
    0.01981112074367769,
    0.018439205470402963,
    0.017303650158436025,
    0.016784626786872654,
    0.01636849712596859,
    0.016077670412813303,
    0.01583575394785271,
    0.015680206062216557,
    0.015849936061593628,
    0.01569004606434892,
    0.015527884688691066,
    0.015013766487030079,
    0.014993219372807415,
    0.015163900432504759,
    0.014843801571223754,
    0.014991898317195832,
    0.014793666624875263,
    0.0142584918706792,
    0.01429098653992398,
    0.014197967719588863,
    0.014364426160908862
  ],
  "val_losses": [
    143.48415212060834,
    15.874826811382164,
    23.206238750434206,
    35.74044842671581,
    14.65442950431905,
    39.331986230595724,
    20.190143257668492,
    20.10588005266914,
    20.724655072261164,
    7.033327048579909,
    4.725901497991572,
    7.988975420267939,
    4.054937110844736,
    20.114618153733147,
    5.4879679748794015,
    1.794161516783451,
    22.8148025338094,
    1.9851375599686412,
    10.754645018593191,
    1.9034933682519262,
    4.62364980581854,
    2.5216032767757754,
    5.436385969090954,
    3.427292245475924,
    7.788886602784189,
    3.5129261604691635
  ],
  "epoch_times": [
    7.599615573883057,
    7.716853618621826,
    7.753201961517334,
    8.046767950057983,
    8.037580966949463,
    8.054845809936523,
    8.138168811798096,
    8.31870722770691,
    8.068877696990967,
    8.346659421920776,
    8.373528242111206,
    8.283373594284058,
    8.294353485107422,
    8.329452753067017,
    8.395385026931763,
    8.53089427947998,
    8.374432802200317,
    8.327629089355469,
    8.439326524734497,
    8.438910961151123,
    8.408321619033813,
    8.626237154006958,
    8.77238130569458,
    8.466527938842773,
    8.527060270309448,
    8.686354160308838
  ],
  "param_count": 29377,
  "best_val_loss": 1.794161516783451,
  "config": {
    "name": "configB",
    "channels_1": 64,
    "channels_2": 128,
    "kernel_size_1": 5,
    "kernel_size_2": 3,
    "dropout": 0.3,
    "lr": 0.001,
    "window_size": 48,
    "batch_size": 64
  }
}