{
  "train_losses": [
    0.152349638146444,
    0.06116079892021213,
    0.0377580474983129,
    0.029776148085420128,
    0.02559275754148575,
    0.02248058794142274,
    0.02045497155123881,
    0.019151154207901307,
    0.017882446691904332,
    0.017321918029672364,
    0.017042882621385536,
    0.017025989131792336
  ],
  "val_losses": [
    53.59821196728314,
    22.777275016457303,
    56.643364446605595,
    111.49624934068582,
    119.23909716876996,
    87.81456866636756,
    120.10642804301777,
    54.11752002074368,
    48.45989173514674,
    75.83284143047888,
    68.64761631280078,
    56.38595612134578
  ],
  "epoch_times": [
    3.413031816482544,
    3.365896701812744,
    3.415522336959839,
    3.4183382987976074,
    3.7632641792297363,
    3.8765316009521484,
    4.380679368972778,
    4.592852830886841,
    4.5941197872161865,
    4.497945785522461,
    4.704710245132446,
    4.6432507038116455
  ],
  "param_count": 7649,
  "best_val_loss": 22.777275016457303,
  "config": {
    "name": "configA",
    "channels_1": 32,
    "channels_2": 64,
    "kernel_size_1": 3,
    "kernel_size_2": 3,
    "dropout": 0.2,
    "lr": 0.001,
    "window_size": 24,
    "batch_size": 64
  }
}