{
  "train_losses": [
    0.1065942224023976,
    0.03680112112744986,
    0.025018977381131,
    0.021530709387719338,
    0.01853375856507855,
    0.0173376123987588,
    0.016748923449176948,
    0.016522326633990492,
    0.015803870042181326,
    0.015278394576192485,
    0.015243743479762342,
    0.01466865252527191,
    0.014649348966412696
  ],
  "val_losses": [
    74.46909657772223,
    5.3467740788912,
    3.036928517416606,
    5.727476885878358,
    4.910247471242734,
    11.536454948746243,
    12.599394513508154,
    14.450884044603901,
    9.707683633390754,
    11.495306434601016,
    17.573313493784287,
    9.473727350137054,
    6.371427389026333
  ],
  "epoch_times": [
    5.911752700805664,
    6.0692689418792725,
    5.982560634613037,
    6.188445091247559,
    6.164616584777832,
    6.242218494415283,
    6.530846357345581,
    6.283621549606323,
    6.383683443069458,
    6.887519359588623,
    7.1760499477386475,
    7.822880983352661,
    6.511315822601318
  ],
  "param_count": 29377,
  "best_val_loss": 3.036928517416606,
  "config": {
    "name": "configB",
    "channels_1": 64,
    "channels_2": 128,
    "kernel_size_1": 5,
    "kernel_size_2": 3,
    "dropout": 0.3,
    "lr": 0.001,
    "window_size": 24,
    "batch_size": 64
  }
}