{
  "train_losses": [
    0.2011553189514005,
    0.13234048649870553,
    0.08018213627008429,
    0.0542783357162878,
    0.03811947282531998,
    0.029009278898933146,
    0.024099687643024493,
    0.021241093882222305,
    0.019484886047917507,
    0.018347302742055566,
    0.01765062407745036,
    0.017209886540118402,
    0.01712135682045144,
    0.016467199111042684,
    0.016382441039862767,
    0.016307554221422486,
    0.016312844640120405
  ],
  "val_losses": [
    13.378551924582332,
    31.77340355806783,
    168.51432714863049,
    57.4814299609485,
    22.258241253646407,
    5.608601574237278,
    4.690764049283127,
    16.117556080995104,
    7.573283186435455,
    6.465302136986215,
    11.997083127687098,
    8.982263705142532,
    16.245569796686766,
    9.206759857182316,
    14.265084637390638,
    11.811276420909945,
    15.93840691759121
  ],
  "epoch_times": [
    4.831455707550049,
    4.963642597198486,
    4.8806517124176025,
    5.087974548339844,
    4.958569765090942,
    5.140256404876709,
    5.105597257614136,
    5.117380857467651,
    5.291798830032349,
    5.217220306396484,
    5.100694894790649,
    5.132867097854614,
    5.284247875213623,
    5.215117931365967,
    5.558413028717041,
    5.2488110065460205,
    5.257786750793457
  ],
  "param_count": 7649,
  "best_val_loss": 4.690764049283127,
  "config": {
    "name": "configA",
    "channels_1": 32,
    "channels_2": 64,
    "kernel_size_1": 3,
    "kernel_size_2": 3,
    "dropout": 0.2,
    "lr": 0.001,
    "window_size": 48,
    "batch_size": 64
  }
}