{
    "model": "cnn_configA",
    "target_column": 1,
    "window_size": 48,
    "config": {
        "name": "configA",
        "channels_1": 32,
        "channels_2": 64,
        "kernel_size_1": 3,
        "kernel_size_2": 3,
        "dropout": 0.2,
        "lr": 0.001,
        "window_size": 48,
        "batch_size": 64
    },
    "metrics": {
        "mse_scaled": 0.01101525966078043,
        "rmse_scaled": 0.10495360718327136,
        "mae_scaled": 0.07984301447868347,
        "mse_real": 0.8251634240150452,
        "rmse_real": 0.9083850637340121,
        "mae_real": 0.691050112247467,
        "r2_real": 0.986412925642787,
        "num_test_samples": 10466
    }
}