{
    "model": "cnn_configB",
    "target_column": 1,
    "window_size": 48,
    "config": {
        "name": "configB",
        "channels_1": 64,
        "channels_2": 128,
        "kernel_size_1": 5,
        "kernel_size_2": 3,
        "dropout": 0.3,
        "lr": 0.001,
        "window_size": 48,
        "batch_size": 64
    },
    "metrics": {
        "mse_scaled": 0.010016866959631443,
        "rmse_scaled": 0.1000842992663257,
        "mae_scaled": 0.07633204758167267,
        "mse_real": 0.7503728866577148,
        "rmse_real": 0.8662406632441788,
        "mae_real": 0.6606623530387878,
        "r2_real": 0.9876444207065312,
        "num_test_samples": 10466
    }
}