{
  "model_results": {
    "LSTM_configA": {
      "rmse": NaN,
      "mae": NaN,
      "param_count": 53825,
      "best_val_loss": 0.006578567788771507,
      "epoch_times": [
        2.5073370933532715,
        2.322049856185913,
        2.337939977645874,
        2.3424630165100098,
        2.4263839721679688,
        2.560213088989258,
        2.402919292449951,
        2.409045457839966,
        2.2997682094573975,
        2.304986000061035,
        2.3401975631713867,
        2.273012399673462,
        2.262491464614868,
        2.4581265449523926,
        2.487450122833252,
        2.3072562217712402,
        2.307508945465088,
        2.32344913482666,
        2.1685688495635986,
        2.2831475734710693,
        2.6293909549713135,
        3.113924503326416,
        2.6030776500701904,
        2.4630932807922363,
        2.3767735958099365,
        2.4030559062957764,
        2.3926632404327393,
        2.331038236618042,
        2.3728275299072266,
        2.508227825164795,
        2.244215726852417
      ],
      "window_size": 24
    },
    "LSTM_configB": {
      "rmse": NaN,
      "mae": NaN,
      "param_count": 205953,
      "best_val_loss": 0.006964643820219126,
      "epoch_times": [
        2.391437292098999,
        2.0741021633148193,
        2.0822391510009766,
        2.288694143295288,
        2.1003000736236572,
        2.166354179382324,
        2.3781557083129883,
        2.3819310665130615,
        2.371217727661133,
        2.267209768295288,
        2.302379608154297,
        2.2325451374053955,
        2.1675949096679688,
        2.2009055614471436,
        2.295020341873169,
        2.2251968383789062,
        2.28800368309021,
        2.233943223953247,
        2.2669732570648193,
        2.0906119346618652
      ],
      "window_size": 24
    },
    "CNN_configA": {
      "rmse": 1.5286551713943481,
      "mae": 1.1725679636001587,
      "param_count": 7649,
      "best_val_loss": NaN,
      "epoch_times": [
        3.413031816482544,
        3.365896701812744,
        3.415522336959839,
        3.4183382987976074,
        3.7632641792297363,
        3.8765316009521484,
        4.380679368972778,
        4.592852830886841,
        4.5941197872161865,
        4.497945785522461,
        4.704710245132446,
        4.6432507038116455
      ],
      "window_size": 24
    },
    "CNN_configB": {
      "rmse": 1.0097689628601074,
      "mae": 0.7850003838539124,
      "param_count": 29377,
      "best_val_loss": NaN,
      "epoch_times": [
        5.010533332824707,
        5.478701114654541,
        5.886696100234985,
        6.118954658508301,
        6.44604229927063,
        6.419887542724609,
        6.504658222198486,
        6.566579341888428,
        6.753972053527832,
        6.590652704238892,
        6.690375804901123,
        6.641799211502075,
        6.833989858627319
      ],
      "window_size": 24
    },
    "Hybrid_configA": {
      "rmse": NaN,
      "mae": NaN,
      "param_count": 46113,
      "best_val_loss": 0.0076039667667427025,
      "epoch_times": [
        34.686877965927124,
        25.73802161216736,
        20.687970638275146,
        21.403945684432983,
        20.5748188495636,
        20.79770851135254,
        22.66494655609131,
        24.505856037139893,
        21.799834966659546,
        22.202028036117554,
        22.574829578399658,
        21.639713525772095,
        23.054717540740967,
        21.433140993118286,
        21.854366779327393,
        21.933177709579468,
        21.03990387916565,
        20.919718503952026,
        23.16834330558777,
        20.852616548538208,
        21.59365200996399,
        21.982115268707275,
        20.993725061416626
      ],
      "window_size": 48
    },
    "Hybrid_configB": {
      "rmse": NaN,
      "mae": NaN,
      "param_count": 54561,
      "best_val_loss": 0.007903147226825698,
      "epoch_times": [
        28.32519030570984,
        31.585613250732422,
        28.48982286453247,
        26.360854864120483,
        27.3447163105011,
        28.074411630630493,
        26.453915119171143,
        26.491631746292114,
        28.3104727268219,
        26.912911653518677,
        27.938088178634644,
        25.961186170578003,
        27.32433009147644,
        26.741833686828613,
        26.24846887588501,
        27.759143352508545,
        26.469075918197632,
        27.338445901870728,
        26.215996503829956,
        27.2316792011261,
        26.908297777175903,
        27.039876222610474
      ],
      "window_size": 48
    }
  },
  "ablation": {
    "CNN_configA": {
      "w24": {
        "rmse": 1.5286551713943481,
        "mae": 1.1725679636001587
      },
      "w48": {
        "rmse": 2.845958948135376,
        "mae": 2.215229034423828
      }
    },
    "CNN_configB": {
      "w24": {
        "rmse": 1.0097689628601074,
        "mae": 0.7850003838539124
      },
      "w48": {
        "rmse": 3.3460936546325684,
        "mae": 2.683530569076538
      }
    }
  }
}