{
  "train_losses": [
    0.045913002147914314,
    0.011189874379344008,
    0.010349078334032546,
    0.009562385733334658,
    0.009329311153695646,
    0.008849529337739262,
    0.008646112740841186,
    0.008569261437804553,
    0.008415653068670781,
    0.007533744730645712,
    0.007530253575328918,
    0.007435170180657223,
    0.007408720852178784,
    0.007372173704741994,
    0.007226155813183299,
    0.00718419812209278,
    0.007162617509237666,
    0.007171534513013435,
    0.007034157761920597,
    0.0069196734429062415,
    0.006939717389777563,
    0.0068912429270543245,
    0.006782032595134169,
    0.006733954634674907,
    0.00670940065396193,
    0.00665406572600723,
    0.006604994968615286,
    0.006603416789463542,
    0.006094644539136034,
    0.0060949476575015305,
    0.006082625478467783,
    0.006041182367496225,
    0.005984337005328909,
    0.005978561005992406,
    0.005921953393400849,
    0.005936518072323779,
    0.005682061967320323,
    0.005647577784584006,
    0.005613161881837489,
    0.005597256347236075
  ],
  "val_losses": [
    0.010811731478373063,
    0.008774065930788211,
    0.008253179117093978,
    0.009266637998834017,
    0.008587590828856954,
    0.008577303411433722,
    0.008592967673393667,
    0.009150976546325136,
    0.008607948494568958,
    0.008799303000658136,
    0.009158200661569211,
    0.007843546674906469,
    0.008387191860712606,
    0.008476686344868024,
    0.007656889093693466,
    0.007680575811624856,
    0.007592727757520339,
    0.008357628220968577,
    0.007320036267812426,
    0.009164082498230737,
    0.008854508793779973,
    0.007187223541684706,
    0.007728905067133978,
    0.007709830081121565,
    0.007529126900277951,
    0.007745336985440945,
    0.007531461235984804,
    0.007387436102981774,
    0.007260336232104316,
    0.00709968211884172,
    0.0073033021953284915,
    0.007495138298434211,
    0.007449830295569652,
    0.0075489759067268875,
    0.0072472923240259,
    0.0073595567407595845,
    0.007291064737184454,
    0.007444221923571274,
    0.007273591226255124,
    0.007387045344831957
  ],
  "epoch_times": [
    11.291188478469849,
    10.922354459762573,
    12.63789176940918,
    12.401533603668213,
    12.102896690368652,
    11.275713205337524,
    11.402177810668945,
    11.56318712234497,
    11.621208906173706,
    11.813983917236328,
    12.020595788955688,
    11.80704641342163,
    11.948507308959961,
    12.053213119506836,
    12.033548831939697,
    12.270390272140503,
    13.480820655822754,
    13.51912784576416,
    13.524478912353516,
    13.344604253768921,
    13.6410231590271,
    17.021129846572876,
    14.053276538848877,
    13.565646409988403,
    13.419043779373169,
    13.532560348510742,
    14.378156185150146,
    13.695014953613281,
    14.198492765426636,
    13.794388771057129,
    13.691833257675171,
    13.597263813018799,
    13.803589582443237,
    13.922010898590088,
    13.84530782699585,
    13.98244333267212,
    13.914488792419434,
    14.291083574295044,
    13.657784223556519,
    14.004066705703735
  ],
  "param_count": 46113,
  "best_val_loss": 0.00709968211884172,
  "config": {
    "name": "configA",
    "cnn_channels": 64,
    "kernel_size": 5,
    "lstm_hidden_size": 32,
    "lstm_num_layers": 2,
    "dropout": 0.2,
    "lr": 0.001,
    "window_size": 48,
    "batch_size": 64
  }
}