{
  "train_losses": [
    0.0676406165343237,
    0.013962760128528342,
    0.011903056830942378,
    0.011050625397942769,
    0.010418030698754055,
    0.010206154429525384,
    0.009779127083642166,
    0.009632888612960166,
    0.009395184884735834,
    0.009300481999709153,
    0.009011770008818611,
    0.008886010978709568,
    0.008667046163776521,
    0.008761849713038884,
    0.008553590694533897,
    0.00844049598959048,
    0.008308925489287489,
    0.00819937867676845,
    0.007480116663809233,
    0.007475420857714472,
    0.007284345543515153,
    0.00728287437122959
  ],
  "val_losses": [
    0.012752680652542618,
    0.009485865013679953,
    0.012372985936398035,
    0.00929953505034323,
    0.008605307029537428,
    0.008031042152617523,
    0.00808896797190337,
    0.008154760489010529,
    0.010294134971185075,
    0.008327100704127406,
    0.009452673631957658,
    0.007903147226825698,
    0.008418842473826568,
    0.010424021784534377,
    0.009304539266586736,
    0.00844875626669908,
    0.009226020605308864,
    0.010630596761170208,
    0.009980082326433761,
    0.01042439236000923,
    0.009797496294852178,
    0.012653237227811419
  ],
  "epoch_times": [
    28.32519030570984,
    31.585613250732422,
    28.48982286453247,
    26.360854864120483,
    27.3447163105011,
    28.074411630630493,
    26.453915119171143,
    26.491631746292114,
    28.3104727268219,
    26.912911653518677,
    27.938088178634644,
    25.961186170578003,
    27.32433009147644,
    26.741833686828613,
    26.24846887588501,
    27.759143352508545,
    26.469075918197632,
    27.338445901870728,
    26.215996503829956,
    27.2316792011261,
    26.908297777175903,
    27.039876222610474
  ],
  "param_count": 54561,
  "best_val_loss": 0.007903147226825698,
  "config": {
    "name": "configB",
    "cnn_channels": 64,
    "kernel_size": 5,
    "lstm_hidden_size": 32,
    "lstm_num_layers": 3,
    "dropout": 0.2,
    "lr": 0.001,
    "window_size": 48,
    "batch_size": 64
  }
}