{
  "train_losses": [
    0.045915700404801266,
    0.011187299293249612,
    0.010361102921151017,
    0.009567709167927057,
    0.009309115911138833,
    0.008872472148410512,
    0.008640982751310922,
    0.008560927568199012,
    0.008404177376735662,
    0.008186375471028073,
    0.008207499773290373,
    0.007971689514834047,
    0.007791025196683189,
    0.007860984157096587,
    0.007661111124032558,
    0.007619182841956581,
    0.007614131719731275,
    0.007446629854208867,
    0.007300638148668434,
    0.0066425129394265085,
    0.006604778705998071,
    0.006587931904859716,
    0.006490733156578686
  ],
  "val_losses": [
    0.010689907663648803,
    0.00874373200427372,
    0.00833231078706368,
    0.00923718769119662,
    0.008932007579521336,
    0.008720799882449715,
    0.008312835508646768,
    0.00925768048033729,
    0.008262959810222284,
    0.008738199739731896,
    0.009335821058297522,
    0.00844449787153283,
    0.0076039667667427025,
    0.009927407953128775,
    0.008865686245770285,
    0.01099256485075573,
    0.009801027947238946,
    0.008808455777470843,
    0.009396128718805841,
    0.009426509497737764,
    0.009314937559915708,
    0.008382656655138451,
    0.008585178690952973
  ],
  "epoch_times": [
    34.686877965927124,
    25.73802161216736,
    20.687970638275146,
    21.403945684432983,
    20.5748188495636,
    20.79770851135254,
    22.66494655609131,
    24.505856037139893,
    21.799834966659546,
    22.202028036117554,
    22.574829578399658,
    21.639713525772095,
    23.054717540740967,
    21.433140993118286,
    21.854366779327393,
    21.933177709579468,
    21.03990387916565,
    20.919718503952026,
    23.16834330558777,
    20.852616548538208,
    21.59365200996399,
    21.982115268707275,
    20.993725061416626
  ],
  "param_count": 46113,
  "best_val_loss": 0.0076039667667427025,
  "config": {
    "name": "configA",
    "cnn_channels": 64,
    "kernel_size": 5,
    "lstm_hidden_size": 32,
    "lstm_num_layers": 2,
    "dropout": 0.2,
    "lr": 0.001,
    "window_size": 48,
    "batch_size": 64
  }
}