{
  "train_losses": [
    0.06854023907247883,
    0.014269561642090502,
    0.012099472971540962,
    0.011210887027247434,
    0.010605070111603979,
    0.010266202977722136,
    0.00985176020025385,
    0.009605846604977125,
    0.009445180840120242,
    0.009294458466817757,
    0.008994422023512468,
    0.008876426745694352,
    0.007967336531664666,
    0.007977153437012378,
    0.007861922074778737,
    0.007772226455530676
  ],
  "val_losses": [
    0.012474202640467112,
    0.009820943868783289,
    0.012048208142013019,
    0.009151454561985474,
    0.008668549436606988,
    0.008486866996593855,
    0.00871290096928535,
    0.008560322010816681,
    0.010176232734671229,
    0.008916095651750439,
    0.009689625923107322,
    0.00952562381395155,
    0.010545386283852166,
    0.012638871569133769,
    0.01053907181835603,
    0.011317947507885668
  ],
  "epoch_times": [
    12.493199586868286,
    12.627233505249023,
    12.463345766067505,
    12.67769980430603,
    12.882898092269897,
    13.063710451126099,
    13.564537286758423,
    13.364086627960205,
    13.724972486495972,
    13.72630262374878,
    14.049729108810425,
    14.334962129592896,
    14.123804807662964,
    14.207626342773438,
    14.228935718536377,
    14.753381729125977
  ],
  "param_count": 54561,
  "best_val_loss": 0.008486866996593855,
  "config": {
    "name": "configB",
    "cnn_channels": 64,
    "kernel_size": 5,
    "lstm_hidden_size": 32,
    "lstm_num_layers": 3,
    "dropout": 0.2,
    "lr": 0.001,
    "window_size": 48,
    "batch_size": 64
  }
}