{
  "train_losses": [
    0.025690198225405244,
    0.009135233588383015,
    0.0086103868948791,
    0.00850453118096314,
    0.008237199540603998,
    0.00806208510577776,
    0.008065281391028334,
    0.007883638047064741,
    0.007798717292800521,
    0.00759860361450721,
    0.0076018819521632515,
    0.0075262466743345365,
    0.007464064223931868,
    0.007339035874144531,
    0.007274118818488537,
    0.007178384834083122,
    0.0067941121325553145,
    0.006747327680846898,
    0.006671699171363213,
    0.006656730100269419
  ],
  "val_losses": [
    0.009604548780414923,
    0.008482925941545278,
    0.00917327400672918,
    0.0078165536105821,
    0.007770029079498416,
    0.008586049037401762,
    0.009279712301707144,
    0.008133745138303469,
    0.008867830250692333,
    0.006964643820219126,
    0.007273427775290371,
    0.0072876429014920915,
    0.007897704594535088,
    0.007872031968021703,
    0.008870516558458764,
    0.008817100925908181,
    0.008651738500502671,
    0.009398278350821094,
    0.007931080387469765,
    0.008156275240197472
  ],
  "epoch_times": [
    2.391437292098999,
    2.0741021633148193,
    2.0822391510009766,
    2.288694143295288,
    2.1003000736236572,
    2.166354179382324,
    2.3781557083129883,
    2.3819310665130615,
    2.371217727661133,
    2.267209768295288,
    2.302379608154297,
    2.2325451374053955,
    2.1675949096679688,
    2.2009055614471436,
    2.295020341873169,
    2.2251968383789062,
    2.28800368309021,
    2.233943223953247,
    2.2669732570648193,
    2.0906119346618652
  ],
  "param_count": 205953,
  "best_val_loss": 0.006964643820219126,
  "config": {
    "name": "configB",
    "hidden_size": 128,
    "num_layers": 2,
    "dropout": 0.2,
    "lr": 0.001,
    "window_size": 24,
    "batch_size": 64
  }
}