{
  "train_losses": [
    0.03646325616296654,
    0.010316857033626435,
    0.009341489530030219,
    0.009023526402077901,
    0.008548127959799902,
    0.008329270815030106,
    0.008150074638268298,
    0.00803803933532164,
    0.007999097346214252,
    0.007884672557597837,
    0.00740500836379425,
    0.007332005305899395,
    0.007328935776993657,
    0.007298600848849261,
    0.007257132402425222,
    0.00719080638432143,
    0.007102329802029381,
    0.007149334714655289,
    0.007139285226910091,
    0.006809980135720958,
    0.006787244108510105,
    0.006759678252758443,
    0.00679441408886989,
    0.006747883258973891,
    0.006764314214730875,
    0.006743808634439408,
    0.006714933873480869,
    0.006558489897189629,
    0.0065530898034280895,
    0.006555678734637882,
    0.006548652030393894
  ],
  "val_losses": [
    0.009586889727184952,
    0.008620894210967098,
    0.008487292798801997,
    0.007306966824827492,
    0.008125054940014894,
    0.007831352286335316,
    0.007732445114654879,
    0.0078362457176761,
    0.008017352438415068,
    0.007874418935395361,
    0.007830422647804328,
    0.007538409432923657,
    0.007102259437434173,
    0.007505224835708226,
    0.007276083195397366,
    0.007647244186580956,
    0.007779386761320624,
    0.007210335705062646,
    0.007590950756587685,
    0.006916362951350735,
    0.006578567788771507,
    0.006770710336935357,
    0.007413932153152957,
    0.0066738421208153275,
    0.006968904055590192,
    0.0074339331939392095,
    0.007008178055630881,
    0.00695795951548962,
    0.006932565556970949,
    0.006997233655794681,
    0.007084693395851395
  ],
  "epoch_times": [
    2.5073370933532715,
    2.322049856185913,
    2.337939977645874,
    2.3424630165100098,
    2.4263839721679688,
    2.560213088989258,
    2.402919292449951,
    2.409045457839966,
    2.2997682094573975,
    2.304986000061035,
    2.3401975631713867,
    2.273012399673462,
    2.262491464614868,
    2.4581265449523926,
    2.487450122833252,
    2.3072562217712402,
    2.307508945465088,
    2.32344913482666,
    2.1685688495635986,
    2.2831475734710693,
    2.6293909549713135,
    3.113924503326416,
    2.6030776500701904,
    2.4630932807922363,
    2.3767735958099365,
    2.4030559062957764,
    2.3926632404327393,
    2.331038236618042,
    2.3728275299072266,
    2.508227825164795,
    2.244215726852417
  ],
  "param_count": 53825,
  "best_val_loss": 0.006578567788771507,
  "config": {
    "name": "configA",
    "hidden_size": 64,
    "num_layers": 2,
    "dropout": 0.2,
    "lr": 0.001,
    "window_size": 24,
    "batch_size": 64
  }
}