{
  "train_losses": [
    0.03633428509324352,
    0.01052441170369237,
    0.009219272197398917,
    0.008889803502155654,
    0.008409032943927445,
    0.008344940492369805,
    0.008247199539113395,
    0.00814792884796323,
    0.00791293512209399,
    0.007820902852611967,
    0.007892474812435725,
    0.007711972483641925,
    0.007639148589649023,
    0.007579784552592535,
    0.0075249685275369915,
    0.007521755484405291,
    0.007417741192422722,
    0.007036000972410108,
    0.006972027103892158,
    0.006935935696590005,
    0.006943291199027422
  ],
  "val_losses": [
    0.009433523803066864,
    0.008453889845229429,
    0.008073036699434627,
    0.008498345652960943,
    0.007828617128341576,
    0.0075213863189643815,
    0.00758503090160312,
    0.007702028473885331,
    0.007365559511489498,
    0.007388299601565375,
    0.007085153513017144,
    0.008436032685482727,
    0.007785859459822907,
    0.007773646797334067,
    0.009357928681707595,
    0.007438975504845438,
    0.008214654427779052,
    0.007138485529513726,
    0.0071480160178345855,
    0.007289934417723835,
    0.007460330503322877
  ],
  "epoch_times": [
    9.114131689071655,
    8.919026136398315,
    9.0115647315979,
    9.264080286026001,
    9.452224254608154,
    9.501323461532593,
    9.448187828063965,
    9.852168560028076,
    9.84784460067749,
    9.900676488876343,
    10.325491666793823,
    11.597917795181274,
    12.905677080154419,
    12.637587070465088,
    13.02441668510437,
    12.95326566696167,
    12.737793445587158,
    11.65359354019165,
    11.486183166503906,
    11.50937795639038,
    11.44006896018982
  ],
  "param_count": 53825,
  "best_val_loss": 0.007085153513017144,
  "config": {
    "name": "configA",
    "hidden_size": 64,
    "num_layers": 2,
    "dropout": 0.2,
    "lr": 0.001,
    "window_size": 24,
    "batch_size": 64
  }
}