{
  "train_losses": [
    0.025615795292142553,
    0.009286094951438817,
    0.00864232006934008,
    0.008571017580334747,
    0.008194584941239282,
    0.008133420342242202,
    0.00799099170400793,
    0.007815809255590446,
    0.007762422979631587,
    0.007725435925638501,
    0.007542280176408333,
    0.007067154592805547,
    0.0070275532068049635,
    0.006980645876426438,
    0.0069138060042826036,
    0.006948189911330772,
    0.006890292542866548,
    0.006862683885625972,
    0.006788982561869975,
    0.006720640040709231,
    0.006735139132475824,
    0.006692404194839821,
    0.00665361667431733,
    0.006628777153735303,
    0.006612890936186625,
    0.006345506145985004,
    0.006282620385006605,
    0.006305009857288046,
    0.006250249227542327
  ],
  "val_losses": [
    0.009453722245485617,
    0.009489096242519854,
    0.008280400059763448,
    0.008039886485456752,
    0.00781051255167738,
    0.007825644320037723,
    0.009009935515750736,
    0.00817150228791777,
    0.009725194593858875,
    0.008265350184743395,
    0.008184858080271801,
    0.007764303496405322,
    0.008379024785882958,
    0.007277756320286872,
    0.008445103543240566,
    0.008508831054206184,
    0.007405714847163445,
    0.007338682960133353,
    0.0072432956639992465,
    0.007798170690410091,
    0.007740759660842322,
    0.007977398181643986,
    0.008991710674812267,
    0.007441181603648671,
    0.00839680687629141,
    0.007990398530242832,
    0.007891944282776094,
    0.007684722676024451,
    0.007560443055298396
  ],
  "epoch_times": [
    17.945854425430298,
    18.55973720550537,
    18.701757669448853,
    19.447839736938477,
    19.78181552886963,
    19.46422028541565,
    19.486558198928833,
    20.045047521591187,
    19.896315813064575,
    20.13513708114624,
    20.39655089378357,
    20.173016786575317,
    20.40887999534607,
    21.0098934173584,
    20.602784872055054,
    20.53579568862915,
    20.834182500839233,
    20.651477098464966,
    20.686083555221558,
    21.531481742858887,
    20.871331453323364,
    20.766278982162476,
    21.137514114379883,
    21.469282627105713,
    22.546610832214355,
    23.41929602622986,
    22.56214141845703,
    23.38575029373169,
    22.858056783676147
  ],
  "param_count": 205953,
  "best_val_loss": 0.0072432956639992465,
  "config": {
    "name": "configB",
    "hidden_size": 128,
    "num_layers": 2,
    "dropout": 0.2,
    "lr": 0.001,
    "window_size": 24,
    "batch_size": 64
  }
}